Vehicle Number Plate,Availability,Pollution Expiry,Make,Regn Date,Chassis no.,Engine no.
DL52GD3006,Available,,TIGOR- XR,17/01/2023,MAT562005NKPA9667,TZ180XS72CN22080450
DL52GD3013,Available,,TIGOR- XR,17/01/2023,MAT562005NKPB0028,TZ180XS72CN22071279
DL52GD3028,Available,,TIGOR- XR,17/01/2023,MAT562005NKPB0553,TZ180XS72CN22070344
DL52GD3033,Available,,TIGOR- XR,17/01/2023,MAT562005NKPA9627,TZ180XS72CN22071358
DL52GD3044,Not Available,,TIGOR- XR,17/01/2023,MAT562005NKPB1412,TZ180XS72CN22080726
DL52GD3059,Available,,TIGOR- XR,17/01/2023,MAT562005NKPB2281,TZ180XS72CN22070487
DL52GD3062,Not Available,,TIGOR- XR,17/01/2023,MAT562005NKPA9689,TZ180XS72CN22062505
DL52GD3067,Available,,TIGOR- XR,17/01/2023,MAT562005NKPA9696,TZ180XS72CN22070622
DL52GD3073,Available,,TIGOR- XR,17/01/2023,MAT562005NKPB2250,TZ180XS72CN22070022
DL52GD3090,Available,,TIGOR- XR,17/01/2023,MAT562005NKPA9693,TZ180XS72CN22070636
DL52GD3109,Not Available,,TIGOR- XR,09/03/2023,MAT562005NKPB1103,TZ180XS72CN22080211
DL52GD3114,Available,,TIGOR- XR,09/03/2023,MAT562005NKPB1105,TZ180XS72CN22070572
DL52GD3123,Available,,TIGOR- XR,09/03/2023,MAT562005NKPB1341,TZ180XS72CN22090335
DL52GD3131,Not Available,,TIGOR- XR,09/03/2023,MAT562005NKPB1343,TZ180XS72CN22090333
DL52GD3145,Available,,TIGOR- XR,09/03/2023,MAT562005NKPB1336,TZ180XS72CN22070488
DL52GD3151,Not Available,,TIGOR- XR,09/03/2023,MAT562005NKPB1109,TZ180XS72CN22090339
DL52GD3157,Available,,TIGOR- XR,09/03/2023,MAT562005NKPB1347,TZ180XS72CN22071398
DL52GD3161,Not Available,,TIGOR- XR,09/03/2023,MAT562005NKPB1339,TZ180XS72CN22070799
DL52GD3165,Available,,TIGOR- XR,09/03/2023,MAT562005NKPB1110,TZ180XS72CN22070821
DL52GD3166,Not Available,,TIGOR- XR,09/03/2023,MAT562005NKPB1104,TZ180XS72CN22090214
DL52GD3170,Available,,TIGOR- XR,09/03/2023,MAT562005NKPB1378,TZ180XS72CN22070928
DL52GD3180,Available,,TIGOR- XR,09/03/2023,MAT562005NKPB1106,TZ180XS72CN22070813
DL52GD3187,Available,,TIGOR- XR,09/03/2023,MAT562005NKPB1338,TZ180XS72CN22090332
DL52GD3195,Available,,TIGOR- XR,09/03/2023,MAT562005NKPB1334,TZ180XS72CN22070973
DL52GD3199,Available,,TIGOR- XR,09/03/2023,MAT562005NKPB1335,TZ180XS72CN22070455
DL52GD5203,Not Available,,TIGOR- XR,25/08/2023,MAT562005PKC32854,TZ180XS72CN22120376
DL52GD5215,Not Available,,TIGOR- XR,25/08/2023,MAT562005PKC32856,TZ180XS72CN22120303
DL52GD5217,Not Available,,TIGOR- XR,25/08/2023,MAT562005PKC26001,TZ180XS72CN22120065
DL52GD5222,Available,,TIGOR- XR,25/08/2023,MAT562005PKC32962,TZ180XS72CN22111020
DL52GD5253,Not Available,,TIGOR- XR,02/07/2024,MAT562005PKC32858,TZ180XS72CN22110221
HR55AS0324,Not Available,,TIGOR- XR,02/07/2024,MAT562005PKKA6539,TZ180XS72CN23090238
HR55AS0470,Available,,TIGOR- XR,02/07/2024,MAT562005PKKA9360,TZ180XS72CN23100455
HR55AS1219,Not Available,,TIGOR- XR,02/07/2024,MAT562005PKKA6804,TZ180XS72CN23100004
HR55AS1226,Available,,TIGOR- XR,28/02/2024,MAT562005PKKA6725,TZ180XS72CN23100006
HR55AS1321,Not Available,,TIGOR- XR,02/07/2024,MAT562005PKKA6805,TZ180XS72CN23090245
HR55AS1762,Not Available,,TIGOR- XR,02/07/2024,MAT562005PKKA6583,TZ180XS72CN23090094
HR55AS3768,Available,,TIGOR- XR,02/07/2024,MAT562005PKKA6565,TZ180XS72CN23090085
HR55AS5405,Not Available,,TIGOR- XR,02/07/2024,MAT562005PKKA9421,TZ180XS72CN23100599
HR55AS5935,Not Available,,TIGOR- XR,02/07/2024,MAT562005PKKA6523,TZ180XS72CN23100056
HR55AS7401,Available,,TIGOR- XR,05/01/2024,MAT562005PKKA6328,TZ180XS72CN23090131
HR55AT6693,Available,,CITREON -EC3,05/01/2024,MZZCBZKCZRV019507,TZ180XSG1W3066061
HR55AT8116,Available,,CITREON -EC3,05/01/2024,MZZCBZKCZRV019512,TZ180XSG1W3067133
HR55AT1235,Available,,CITREON -EC3,05/01/2024,MZZCBZKCZRV019563,TZ180XSG1W3066156
HR55AT5482,Available,,CITREON -EC3,05/01/2024,MZZCBZKCZRV019174,TZ180XSG1W3052200
HR55AT6301,Not Available,,CITREON -EC3,05/01/2024,MZZCBZKCZRV019029,TZ180XSG1W3067089
HR55AT6055,Available,,CITREON -EC3,05/01/2024,MZZCBZKCZRV019562,TZ180XSG1W3066227
HR55AT5305,Available,,CITREON -EC3,05/01/2024,MZZCBZKCZRV019559,TZ180XSG1W3066154
HR55AT5139,Available,,CITREON -EC3,05/01/2024,MZZCBZKCZRV019489,TZ180XSG1W3066741
HR55AT4021,Available,,CITREON -EC3,05/01/2024,MZZCBZKCZRV019557,TZ180XSG1W3067020
HR55AT4282,Not Available,,CITREON -EC3,05/03/2025,MZZCBZKCZRV019508,TZ180XSG1W3066688
HR55AW2668,Available,,CITREON -EC3,05/03/2025,MZZCBZKC4SV025809,TZ180XSG1W4007877
HR55AW2048,Available,,CITREON -EC3,05/03/2025,MZZCBZKCXSV025815,TZ180XSG1W4007624
HR55AW8427,Available,,CITREON -EC3,05/03/2025,MZZCBZKC8SV025814,TZ180XSG1W4007623
HR55AW0247,Not Available,,CITREON -EC3,05/03/2025,MZZCBZKC7SV025805,TZ180XSG1W3067320
HR55AW7250,Available,,CITREON -EC3,09/05/2025,MZZCBZKC6SV026055,TZ180XSG1W3066097
HR55AX1060,Available,,CITREON -EC3,09/05/2025,MZZCBZKCXSV026057,TZ180XSG1W4008854
HR55AX6215,Available,,CITREON -EC3,22/05/2025,MZZCBZKC2SV025825,TZ180XSG1W4001593
HR55AX5082,Not Available,,CITREON -EC3,09/05/2025,MZZCBZKC1SV025833,TZ180XSG1W4000643
HR55AX4583,Available,,CITREON -EC3,22/05/2025,MZZCBZKCXSV025829,TZ180XSG1W4000651
HR55AX1033,Available,,CITREON -EC3,28/05/2025,MZZCBZKC1SV026058,TZ180XSG1W4008868
HR55AX7599,Not Available,,TIGOR- XR,28/05/2025,MAT562014SKB15836,TZ180XS72CN25020247
HR55AX1890,Available,,TIGOR- XR,28/05/2025,MAT562014SKB15775,TZ180XS72CN25010563
HR55AX9857,Not Available,,TIGOR- XR,28/05/2025,MAT562014SKB15727,TZ180XS72CN25020236
HR55AX2425,Not Available,,TIGOR- XR,28/05/2025,MAT562014SKB15835,TZ180XS72CN25010433
HR55AX6153,Available,,TIGOR- XR,28/05/2025,MAT562014SKB15779,TZ180XS72CN25010430
HR55AX8535,Available,,TIGOR- XR,28/05/2025,MAT562014SKB15728,TZ180XS72CN25010614
HR55AX6695,Available,,TIGOR- XR,28/05/2025,MAT562014SKB14308,TZ180XS72CN25010662
HR55AX3523,Available,,TIGOR- XR,28/05/2025,MAT562014SKB15729,TZ180XS72CN25020221
HR55AX2145,Available,,TIGOR- XR,28/05/2025,MAT562014SKB15778,TZ180XS72CN25020253
HR55AX1267,Not Available,,TIGOR- XR,10/05/2025,MAT562014SKB15726,TZ180XS72CN25010588
HR55BA1313,Available,,TIGOR- XR,12/12/2025,MAT562014SKK85438,TZ180XS72CN25090154
HR55BA2017,Not Available,,TIGOR- XR,12/12/2025,MAT562014SKK79061,TZ180XS72CN25090362
HR55BA2842,Available,,TIGOR- XR,12/12/2025,MAT562014SKK85246,TZ180XS72CN25100301
HR55BA4230,Available,,TIGOR- XR,12/12/2025,MAT562014SKK85385,TZ180XS72CN25090460
HR55BA5540,Not Available,,TIGOR- XR,12/12/2025,MAT562014SKK85437,TZ180XS72CN25090216
HR55BA9651,Not Available,,TIGOR- XR,12/12/2025,MAT562014SKK79006,TZ180XS72CN25090406
HR55BA9936,Not Available,,TIGOR- XR,12/12/2025,MAT562014SKK85436,TZ180XS72CN25090152
HR55BA6385,Not Available,,TIGOR- XR,12/12/2025,MAT562014SKK79060,TZ180XS72CN25100016
HR55BA8273,Available,,TIGOR- XR,12/12/2025,MAT562014SKK79008,TZ180XS72CN25090325
HR55BA7168,Not Available,,TIGOR- XR,12/12/2025,MAT562014SKK85315,TZ180XS72CN25090395
HR55BB1602,Available,,TIGOR- XR,10/02/2026,MAT562014SKG57735,TZ180XS72CN25040270
HR55BB1651,Not Available,,TIGOR- XR,10/02/2026,MAT562014SKG57621,TZ180XS72CN25060018
HR55BB1811,Not Available,,TIGOR- XR,10/02/2026,MAT562014SKG57619,TZ180XS72CN25060190
HR55BB5624,Available,,TIGOR- XR,10/02/2026,MAT562014SKG57620,TZ180XS72CN25070314
HR55BB7247,Not Available,,TIGOR- XR,10/02/2026,MAT562014SKG57730,TZ180XS72CN25060196
HR55BB9664,Not Available,,TIGOR- XR,10/02/2026,MAT562014SKG57734,TZ180XS72CN25050382
HR55BB4906,Available,,TIGOR- XR,10/02/2026,MAT562014SKG57622,TZ180XS72CN25050273
HR55BB0158,Available,,TIGOR- XR,13/02/2026,MAT562014SKG57732,TZ180XS72CN25070041
HR55BB2832,Not Available,,TIGOR- XR,13/02/2026,MAT562014SKG57731,TZ180XS72CN25050217
HR55BB5587,Not Available,,TIGOR- XR,13/02/2026,MAT562014SKG57733,TZ180XS72CN25050007
